{"cameraMode":{"drawMode":0,"name":"Shaded","section":"Shading Mode"},"sceneLighting":true,"audioPlay":false,"sceneViewState":{"m_AlwaysRefresh":false,"showFog":true,"showSkybox":true,"showFlares":true,"showImageEffects":true,"showParticleSystems":true,"showVisualEffectGraphs":true,"m_FxEnabled":true},"in2DMode":false,"pivot":{"x":-1.991131067276001,"y":-2.4045028686523439,"z":0.8135499954223633},"rotation":{"x":-0.44194748997688296,"y":-0.01157408021390438,"z":0.005702874157577753,"w":-0.8969476819038391},"size":9.670500755310059,"orthographic":false}