{"cameraMode":{"drawMode":0,"name":"Shaded","section":"Shading Mode"},"sceneLighting":true,"audioPlay":false,"sceneViewState":{"m_AlwaysRefresh":false,"showFog":true,"showSkybox":true,"showFlares":true,"showImageEffects":true,"showParticleSystems":true,"showVisualEffectGraphs":true,"m_FxEnabled":true},"in2DMode":false,"pivot":{"x":171.34596252441407,"y":155.60679626464845,"z":5.967079162597656},"rotation":{"x":-0.19688057899475099,"y":0.03587157651782036,"z":-0.007208386901766062,"w":-0.9797443151473999},"size":179.75717163085938,"orthographic":false}